"pubDate";"link";"dateString";"date";"Pageviews";"cnt_ma30";"year";"dayOfYear";"index"
"Thu, 01 Sep 2011 16:08:23 +0000";"https://www.networking-morbihan.com/rentree-2011";"2011-09-01";2011-09-01;41;26,75;"2011";244;50
"Fri, 30 Sep 2011 15:55:07 +0000";"https://www.networking-morbihan.com/dompter-google";"2011-09-30";2011-09-30;176;38,3166666666667;"2011";273;76
"Thu, 06 Oct 2011 12:54:33 +0000";"https://www.networking-morbihan.com/sondage";"2011-10-06";2011-10-06;169;36,85;"2011";279;82
"Sat, 15 Oct 2011 13:22:08 +0000";"https://www.networking-morbihan.com/la-machine-a-cafe-virtuelle-testee-par-networking-morbihan";"2011-10-15";2011-10-15;3;41,35;"2011";288;91
"Fri, 28 Oct 2011 14:39:41 +0000";"https://www.networking-morbihan.com/comment-generer-des-contacts";"2011-10-28";2011-10-28;65;29;"2011";301;103
"Wed, 09 Nov 2011 17:08:43 +0000";"https://www.networking-morbihan.com/quai-des-reseaux";"2011-11-09";2011-11-09;27;35,5166666666667;"2011";313;115
"Sat, 19 Nov 2011 16:58:50 +0000";"https://www.networking-morbihan.com/optimisation-fiscale-et-sociale-2";"2011-11-19";2011-11-19;40;29,3166666666667;"2011";323;125
"Tue, 20 Dec 2011 08:22:18 +0000";"https://www.networking-morbihan.com/management-en-temps-de-crise";"2011-12-20";2011-12-20;102;29,75;"2011";354;156
"Wed, 25 Jan 2012 16:14:54 +0000";"https://www.networking-morbihan.com/reseau-professionnel";"2012-01-25";2012-01-25;50;32,1;"2012";25;190
"Sat, 18 Feb 2012 10:22:34 +0000";"https://www.networking-morbihan.com/visite-entreprise-henaff";"2012-02-18";2012-02-18;20;26,55;"2012";49;214
"Tue, 20 Mar 2012 16:14:03 +0000";"https://www.networking-morbihan.com/savoir-se-presenter-de-maniere-attractive";"2012-03-20";2012-03-20;57;36,8;"2012";80;245
"Fri, 04 May 2012 10:04:54 +0000";"https://www.networking-morbihan.com/speed-dating-professionnel";"2012-05-04";2012-05-04;130;20,5166666666667;"2012";125;290
"Tue, 05 Jun 2012 07:43:43 +0000";"https://www.networking-morbihan.com/reseau-d-ete-2012";"2012-06-05";2012-06-05;80;23,05;"2012";157;322
"Sat, 01 Sep 2012 13:03:39 +0000";"https://www.networking-morbihan.com/coworking-lorient";"2012-09-01";2012-09-01;112;49,25;"2012";245;401
"Tue, 02 Oct 2012 12:41:38 +0000";"https://www.networking-morbihan.com/atelier-techniques-vente";"2012-10-02";2012-10-02;115;35,3333333333333;"2012";276;432
"Fri, 19 Oct 2012 14:57:06 +0000";"https://www.networking-morbihan.com/windows-8";"2012-10-19";2012-10-19;31;29,1166666666667;"2012";293;449
"Wed, 28 Nov 2012 16:23:01 +0000";"https://www.networking-morbihan.com/mind-mapping";"2012-11-28";2012-11-28;63;41,6833333333333;"2012";333;489
"Wed, 19 Dec 2012 09:57:22 +0000";"https://www.networking-morbihan.com/intelligence-economique";"2012-12-19";2012-12-19;102;36,2;"2012";354;510
"Sun, 20 Jan 2013 16:20:51 +0000";"https://www.networking-morbihan.com/securite-informatique";"2013-01-20";2013-01-20;18;32,5833333333333;"2013";20;542
"Tue, 19 Feb 2013 08:59:54 +0000";"https://www.networking-morbihan.com/enquete-coworking";"2013-02-19";2013-02-19;192;42,35;"2013";50;572
"Sun, 24 Feb 2013 11:05:35 +0000";"https://www.networking-morbihan.com/visite-la-belle-iloise";"2013-02-24";2013-02-24;61;37,3833333333333;"2013";55;577
"Fri, 22 Mar 2013 12:16:01 +0000";"https://www.networking-morbihan.com/crowdfunding-lorient";"2013-03-22";2013-03-22;45;34,3333333333333;"2013";81;603
"Tue, 26 Mar 2013 13:06:20 +0000";"https://www.networking-morbihan.com/grande-enquete-sur-lopportunite-dun-espace-coworking-sur-lorient";"2013-03-26";2013-03-26;64;36,3333333333333;"2013";85;607
"Tue, 16 Apr 2013 16:14:20 +0000";"https://www.networking-morbihan.com/reseaux-lorient";"2013-04-16";2013-04-16;36;40,3333333333333;"2013";106;628
"Thu, 18 Apr 2013 13:09:54 +0000";"https://www.networking-morbihan.com/premiers-resultats-de-lenquete-coworking-lorient";"2013-04-18";2013-04-18;86;38,9;"2013";108;630
"Thu, 30 May 2013 12:47:12 +0000";"https://www.networking-morbihan.com/soiree-festive";"2013-05-30";2013-05-30;144;48,0333333333333;"2013";150;672
"Fri, 28 Jun 2013 13:18:38 +0000";"https://www.networking-morbihan.com/une-incitation-gouvernementale-pour-developper-le-coworking-et-le-crowdfunding";"2013-06-28";2013-06-28;11;17,3;"2013";179;700
"Tue, 20 Aug 2013 13:21:17 +0000";"https://www.networking-morbihan.com/consommation-collaborative-entreprise";"2013-08-20";2013-08-20;13;27,6;"2013";232;751
"Mon, 16 Sep 2013 08:49:02 +0000";"https://www.networking-morbihan.com/networking-morbihan-au-forum-de-la-creation-dentreprise-le-26-septembre-2013-2";"2013-09-16";2013-09-16;67;52,0833333333333;"2013";259;777
"Sat, 21 Sep 2013 15:59:53 +0000";"https://www.networking-morbihan.com/atelier-communication";"2013-09-21";2013-09-21;41;43,55;"2013";264;782
"Mon, 21 Oct 2013 09:43:51 +0000";"https://www.networking-morbihan.com/networking-morbihan-sera-au-quai-des-reseaux-2013";"2013-10-21";2013-10-21;12;27,4666666666667;"2013";294;812
"Mon, 28 Oct 2013 16:23:07 +0000";"https://www.networking-morbihan.com/atelier-creativite";"2013-10-28";2013-10-28;70;31,05;"2013";301;819
"Fri, 22 Nov 2013 13:26:30 +0000";"https://www.networking-morbihan.com/un-espace-de-travail-mutualise-a-ploemeur-au-sein-de-la-pepiniere-dentreprises";"2013-11-22";2013-11-22;34;50,1666666666667;"2013";326;844
"Mon, 25 Nov 2013 16:51:01 +0000";"https://www.networking-morbihan.com/mediation-entreprise";"2013-11-25";2013-11-25;62;46,95;"2013";329;847
"Thu, 02 Jan 2014 09:43:12 +0000";"https://www.networking-morbihan.com/outils-communication";"2014-01-02";2014-01-02;28;30,5333333333333;"2014";2;885
"Sun, 26 Jan 2014 16:56:52 +0000";"https://www.networking-morbihan.com/procrastination";"2014-01-26";2014-01-26;10;34,2666666666667;"2014";26;909
"Mon, 24 Feb 2014 16:10:32 +0000";"https://www.networking-morbihan.com/visite-lancelot";"2014-02-24";2014-02-24;67;31,0666666666667;"2014";55;938
"Tue, 25 Mar 2014 09:28:25 +0000";"https://www.networking-morbihan.com/atelier-mind-mapping";"2014-03-25";2014-03-25;94;53,3166666666667;"2014";84;967
"Thu, 27 Mar 2014 17:58:51 +0000";"https://www.networking-morbihan.com/association-elan-2";"2014-03-27";2014-03-27;125;59,2166666666667;"2014";86;969
"Wed, 16 Apr 2014 12:52:45 +0000";"https://www.networking-morbihan.com/exporter-ce-qu-il-faut-savoir";"2014-04-16";2014-04-16;49;66,8666666666666;"2014";106;989
"Thu, 29 May 2014 14:08:02 +0000";"https://www.networking-morbihan.com/soiree-festive-2014";"2014-05-29";2014-05-29;36;39,65;"2014";149;1032
"Tue, 02 Sep 2014 08:18:53 +0000";"https://www.networking-morbihan.com/business-internet";"2014-09-02";2014-09-02;67;31,8;"2014";245;1128
"Tue, 30 Sep 2014 13:02:30 +0000";"https://www.networking-morbihan.com/forum-de-la-creation-dentreprise-2";"2014-09-30";2014-09-30;61;45,5;"2014";273;1156
"Thu, 02 Oct 2014 15:15:48 +0000";"https://www.networking-morbihan.com/retraite-pour-les-nuls";"2014-10-02";2014-10-02;38;46,9;"2014";275;1158
"Mon, 13 Oct 2014 16:42:28 +0000";"https://www.networking-morbihan.com/networking-morbihan-sera-au-quai-des-reseaux-2014";"2014-10-13";2014-10-13;48;56,05;"2014";286;1169
"Tue, 21 Oct 2014 15:46:56 +0000";"https://www.networking-morbihan.com/modifier-sa-relation-a-l-autre-2";"2014-10-21";2014-10-21;53;58,3333333333333;"2014";294;1177
"Tue, 04 Nov 2014 12:23:53 +0000";"https://www.networking-morbihan.com/1er-speed-conseil-networking-morbihan-le-27-novembre-2014";"2014-11-04";2014-11-04;74;59,0333333333333;"2014";308;1191
"Tue, 18 Nov 2014 14:09:03 +0000";"https://www.networking-morbihan.com/lean-management";"2014-11-18";2014-11-18;128;65,6333333333333;"2014";322;1205
"Thu, 20 Nov 2014 20:13:48 +0000";"https://www.networking-morbihan.com/forum-ubs-des-entreprises-2014";"2014-11-20";2014-11-20;181;65,7833333333333;"2014";324;1207
"Thu, 11 Dec 2014 09:59:04 +0000";"https://www.networking-morbihan.com/orthographe";"2014-12-11";2014-12-11;29;40,05;"2014";345;1228
"Thu, 22 Jan 2015 14:35:03 +0000";"https://www.networking-morbihan.com/reseaux-sociaux-professionnels";"2015-01-22";2015-01-22;57;47,2333333333333;"2015";22;1270
"Wed, 28 Jan 2015 09:54:23 +0000";"https://www.networking-morbihan.com/nouveau-speed-conseil-networking-morbihan-a-vannes-le-jeudi-26-fevrier";"2015-01-28";2015-01-28;150;46,2833333333333;"2015";28;1276
"Wed, 25 Feb 2015 12:05:34 +0000";"https://www.networking-morbihan.com/loycie";"2015-02-25";2015-02-25;120;37,4833333333333;"2015";56;1304
"Mon, 23 Mar 2015 16:25:46 +0000";"https://www.networking-morbihan.com/passer-de-vendre-a-vendre-plus-cher";"2015-03-23";2015-03-23;40;40,4166666666667;"2015";82;1330
"Tue, 24 Mar 2015 09:57:29 +0000";"https://www.networking-morbihan.com/speed-conseil-networking-morbihan-a-ploermel-le-jeudi-23-avril";"2015-03-24";2015-03-24;87;41,6333333333333;"2015";83;1331
"Thu, 16 Apr 2015 07:42:33 +0000";"https://www.networking-morbihan.com/pnl";"2015-04-16";2015-04-16;43;36,5333333333333;"2015";106;1354
"Wed, 27 May 2015 06:36:51 +0000";"https://www.networking-morbihan.com/soiree-festive-2015";"2015-05-27";2015-05-27;98;32,6333333333333;"2015";147;1394
"Tue, 25 Aug 2015 08:42:59 +0000";"https://www.networking-morbihan.com/rediger-un-courriel-efficace";"2015-08-25";2015-08-25;125;27,05;"2015";237;1483
"Tue, 08 Sep 2015 08:28:47 +0000";"https://www.networking-morbihan.com/speed-conseil-networking-morbihan-a-pontivy-le-jeudi-1er-octobre";"2015-09-08";2015-09-08;84;34,2;"2015";251;1497
"Mon, 28 Sep 2015 12:11:28 +0000";"https://www.networking-morbihan.com/bien-choisir-son-statut-juridique-fiscal-et-social";"2015-09-28";2015-09-28;50;35;"2015";271;1517
"Fri, 09 Oct 2015 11:19:12 +0000";"https://www.networking-morbihan.com/speed-conseil-networking-morbihan-a-lorient-le-jeudi-29-octobre";"2015-10-09";2015-10-09;62;42,3166666666667;"2015";282;1528
"Tue, 20 Oct 2015 09:11:59 +0000";"https://www.networking-morbihan.com/venez-tester-les-echanges-non-monetaires-entre-entreprises";"2015-10-20";2015-10-20;111;44,3;"2015";293;1539
"Tue, 17 Nov 2015 09:59:11 +0000";"https://www.networking-morbihan.com/la-protection-sociale-comment-passer-une-vie-sereine";"2015-11-17";2015-11-17;37;44,4333333333333;"2015";321;1567
"Tue, 01 Dec 2015 09:45:29 +0000";"https://www.networking-morbihan.com/nouveau-speed-conseil-networking-morbihan-a-vannes-le-mardi-19-janvier-2016";"2015-12-01";2015-12-01;83;41,0666666666667;"2015";335;1581
"Mon, 04 Jan 2016 07:32:20 +0000";"https://www.networking-morbihan.com/impayes-comment-les-eviter-ou-mieux-y-faire-face";"2016-01-04";2016-01-04;79;25,1666666666667;"2016";4;1615
"Thu, 21 Jan 2016 10:03:47 +0000";"https://www.networking-morbihan.com/soiree-surprise-networking-morbihan";"2016-01-21";2016-01-21;41;37,95;"2016";21;1632
"Fri, 12 Feb 2016 10:32:37 +0000";"https://www.networking-morbihan.com/6eme-matinale-speed-conseil-pour-les-entreprises-lorient-le-mardi-22-mars-2016";"2016-02-12";2016-02-12;42;40,2333333333333;"2016";43;1654
"Mon, 22 Feb 2016 11:11:59 +0000";"https://www.networking-morbihan.com/visite-du-plateau-compositic-a-ploemeur";"2016-02-22";2016-02-22;38;38,0166666666667;"2016";53;1664
"Wed, 30 Mar 2016 11:22:20 +0000";"https://www.networking-morbihan.com/un-franc-succes";"2016-03-30";2016-03-30;27;32,7;"2016";90;1701
"Thu, 31 Mar 2016 09:28:20 +0000";"https://www.networking-morbihan.com/pour-une-entreprise-ou-il-fait-bon-vivre";"2016-03-31";2016-03-31;76;33,8333333333333;"2016";91;1702
"Mon, 25 Apr 2016 21:48:14 +0000";"https://www.networking-morbihan.com/chouchoutez-vos-clients";"2016-04-25";2016-04-25;37;34,75;"2016";116;1727
"Mon, 30 May 2016 06:54:48 +0000";"https://www.networking-morbihan.com/ag-festive-2016";"2016-05-30";2016-05-30;15;28,9666666666667;"2016";151;1762
"Sun, 28 Aug 2016 18:45:41 +0000";"https://www.networking-morbihan.com/portrait-francois-trinel-speed-meeting-de-rentree-2";"2016-08-28";2016-08-28;8;29,3166666666667;"2016";241;1849
"Sun, 28 Aug 2016 21:23:01 +0000";"https://www.networking-morbihan.com/vous-voulez-reseauter-a-lorient-nw56-what-else";"2016-08-28";2016-08-28;8;29,3166666666667;"2016";241;1849
"Tue, 27 Sep 2016 16:12:18 +0000";"https://www.networking-morbihan.com/syleps";"2016-09-27";2016-09-27;54;26,6333333333333;"2016";271;1879
"Tue, 25 Oct 2016 10:47:40 +0000";"https://www.networking-morbihan.com/twitter-entreprise";"2016-10-25";2016-10-25;52;20,0833333333333;"2016";299;1907
"Mon, 28 Nov 2016 09:57:47 +0000";"https://www.networking-morbihan.com/rencontre-ensibs";"2016-11-28";2016-11-28;24;19,4;"2016";333;1941
"Thu, 29 Dec 2016 10:59:03 +0000";"https://www.networking-morbihan.com/vous-avez-du-talent-2017";"2016-12-29";2016-12-29;24;17,9;"2016";364;1972
"Thu, 19 Jan 2017 10:32:50 +0000";"https://www.networking-morbihan.com/lamour-au-bureau-2";"2017-01-19";2017-01-19;12;27,2333333333333;"2017";19;1993
"Tue, 21 Mar 2017 09:48:28 +0000";"https://www.networking-morbihan.com/tenue-correcte-exigee";"2017-03-21";2017-03-21;33;26,25;"2017";80;2053
"Tue, 25 Apr 2017 12:32:24 +0000";"https://www.networking-morbihan.com/du-nouveau-dans-la-relation-employeur-salarie";"2017-04-25";2017-04-25;28;16,6166666666667;"2017";115;2088
"Fri, 02 Jun 2017 10:57:48 +0000";"https://www.networking-morbihan.com/ag-festive-a-la-base";"2017-06-02";2017-06-02;25;10,9666666666667;"2017";153;2122
"Sun, 03 Sep 2017 15:27:06 +0000";"https://www.networking-morbihan.com/bonne-rentree";"2017-09-03";2017-09-03;8;18,1;"2017";246;2197
"Mon, 18 Sep 2017 20:47:37 +0000";"https://www.networking-morbihan.com/networking-fait-sa-rentree-au-cafe-dubail";"2017-09-18";2017-09-18;45;27,6166666666667;"2017";261;2212
"Wed, 27 Sep 2017 09:56:48 +0000";"https://www.networking-morbihan.com/visite-entreprise-lalie-design";"2017-09-27";2017-09-27;50;26,9833333333333;"2017";270;2221
"Wed, 25 Oct 2017 10:19:41 +0000";"https://www.networking-morbihan.com/nw56-connectin-lorient-14-novembre";"2017-10-25";2017-10-25;5;10,8833333333333;"2017";298;2248
"Thu, 16 Nov 2017 09:49:23 +0000";"https://www.networking-morbihan.com/lancement-plateforme-networking-evenements";"2017-11-16";2017-11-16;9;14,4833333333333;"2017";320;2270
"Sun, 03 Dec 2017 15:23:16 +0000";"https://www.networking-morbihan.com/je-cree-mon-evenement";"2017-12-03";2017-12-03;4;12,75;"2017";337;2287
"Tue, 03 Apr 2018 08:23:10 +0000";"https://www.networking-morbihan.com/bosse-colors-lorient";"2018-04-03";2018-04-03;15;11,5833333333333;"2018";93;2396
"Fri, 04 May 2018 13:26:23 +0000";"https://www.networking-morbihan.com/visite-naval-group-lorient-12-juin-2018";"2018-05-04";2018-05-04;12;7,63333333333333;"2018";124;2427
"Mon, 27 Aug 2018 10:43:27 +0000";"https://www.networking-morbihan.com/portraits-croises";"2018-08-27";2018-08-27;15;13,3166666666667;"2018";239;2533
"Sat, 22 Sep 2018 16:29:11 +0000";"https://www.networking-morbihan.com/networking-morbihan-en-mode-projet-le-9-octobre";"2018-09-22";2018-09-22;23;14,2;"2018";265;2559
"Thu, 18 Oct 2018 14:10:01 +0000";"https://www.networking-morbihan.com/visite-atelier-turrini-pont-scorff";"2018-10-18";2018-10-18;17;18,2166666666667;"2018";291;2585
"Wed, 28 Nov 2018 09:29:44 +0000";"https://www.networking-morbihan.com/soiree-cadeau";"2018-11-28";2018-11-28;41;17,4666666666667;"2018";332;2625
"Mon, 24 Dec 2018 15:42:08 +0000";"https://www.networking-morbihan.com/enneagramme-bonnes-relations-2019";"2018-12-24";2018-12-24;8;NA;"2018";358;2651
